{
  "alias" : "lyapunov-exponent",
  "name" : "lyapunov-exponent",
  "annotation" : "",
  "keywords" : [ ],
  "description" : "",
  "inputs" : {
    "r" : {
      "title" : "rho",
      "description" : "",
      "type" : "number",
      "required" : false
    },
    "s" : {
      "title" : "sigma",
      "description" : "",
      "type" : "number",
      "required" : false
    },
    "b" : {
      "title" : "beta",
      "description" : "",
      "type" : "number",
      "required" : false
    }
  },
  "outputs" : {
    "L1" : {
      "title" : "Lypunov spectrum comp 1",
      "description" : "",
      "type" : "number",
      "required" : false
    },
    "L2" : {
      "title" : "Lypunov spectrum comp 2",
      "description" : "",
      "type" : "number",
      "required" : false
    },
    "L3" : {
      "title" : "Lypunov spectrum comp 3",
      "description" : "",
      "type" : "number",
      "required" : false
    },
    "cout" : {
      "title" : "console output",
      "description" : "",
      "type" : "string",
      "format" : "",
      "required" : false
    }
  },
  "type" : "application",
  "config" : {
    "command" : "cmd.exe /c cmaple -q -i code.txt",
    "inputMappings" : [ {
      "param" : "r",
      "file" : "rho.txt",
      "pattern" : ""
    }, {
      "param" : "s",
      "file" : "sigma.txt",
      "pattern" : ""
    }, {
      "param" : "b",
      "file" : "beta.txt",
      "pattern" : ""
    } ],
    "outputMappings" : [ {
      "param" : "cout",
      "file" : "stdout",
      "pattern" : ""
    }, {
      "param" : "L1",
      "file" : "lap1.txt",
      "pattern" : ""
    }, {
      "param" : "L2",
      "file" : "lap2.txt",
      "pattern" : ""
    }, {
      "param" : "L3",
      "file" : "lap3.txt",
      "pattern" : ""
    } ],
    "resourceRequirements" : {
      "nodes" : {
        "defaultValue" : 1,
        "allowOverride" : false
      },
      "coresPerNode" : {
        "defaultValue" : 1,
        "allowOverride" : false
      },
      "memoryPerCore" : {
        "defaultValue" : 1,
        "allowOverride" : false
      },
      "timeLimit" : {
        "defaultValue" : 1,
        "allowOverride" : false
      }
    }
  },
  "retryFailedTasks" : false,
  "files" : [ {
    "uri" : "file:///ApplicationFiles/code.txt",
    "public" : false,
    "stageIn" : true
  } ],
  "version" : "1.0.0"
}